<application>
  <component name="FileTypeManager" version="17">
    <extensionMap>
      <mapping pattern=".gitignore_global" type="Git file" />
      <mapping pattern="*.php.dist" type="PHP" />
      <mapping pattern=".env.dist" type="PLAIN_TEXT" />
      <mapping pattern=".php_cs.dist" type="PLAIN_TEXT" />
      <mapping pattern="Vagrantfile" type="PLAIN_TEXT" />
      <mapping ext="fake" type="PLAIN_TEXT" />
      <mapping ext="ph" type="PLAIN_TEXT" />
      <mapping ext="eml" type="PLAIN_TEXT" />
      <mapping pattern="*.xml.dist" type="XML" />
    </extensionMap>
  </component>
</application>