<application>
  <component name="MaterialThemeConfig">
    <option name="allowDataCollection" value="true" />
    <option name="isCompactMenus" value="true" />
    <option name="isHighContrast" value="true" />
    <option name="isWizardShown" value="true" />
    <option name="useMaterialFont" value="false" />
    <option name="settingsSelectedTab" value="1" />
    <option name="accentColor" value="80cbc4" />
    <option name="highlightColor" value="80cbc4" />
    <option name="selectedTheme" value="DARKER" />
    <option name="userId" value="-5a1ef8ed:163eee73578:-7fff" />
    <option name="version" value="3.10.0" />
  </component>
</application>