<keymap version="1" name="Default copy" parent="Mac OS X 10.5+">
  <action id="ActivateDatabaseToolWindow">
    <keyboard-shortcut first-keystroke="ctrl meta alt d" />
  </action>
  <action id="Back">
    <keyboard-shortcut first-keystroke="meta open_bracket" />
    <mouse-shortcut keystroke="button4" />
  </action>
  <action id="ChangesView.Diff" />
  <action id="CompareTwoFiles" />
  <action id="Console.TableResult.CloneRow" />
  <action id="DatabaseView.CopyAction" />
  <action id="Diff.ShowDiff" />
  <action id="EditorDuplicate" />
  <action id="ExpandAllToLevel1">
    <keyboard-shortcut first-keystroke="meta alt multiply" second-keystroke="1" />
    <keyboard-shortcut first-keystroke="meta alt multiply" second-keystroke="numpad1" />
    <keyboard-shortcut first-keystroke="shift meta 1" />
  </action>
  <action id="ExpandAllToLevel2">
    <keyboard-shortcut first-keystroke="meta alt multiply" second-keystroke="2" />
    <keyboard-shortcut first-keystroke="meta alt multiply" second-keystroke="numpad2" />
    <keyboard-shortcut first-keystroke="shift meta 2" />
  </action>
  <action id="FileChooser.GotoDesktop" />
  <action id="Forward">
    <keyboard-shortcut first-keystroke="meta close_bracket" />
    <mouse-shortcut keystroke="button5" />
  </action>
  <action id="NextTab">
    <keyboard-shortcut first-keystroke="shift meta close_bracket" />
    <keyboard-shortcut first-keystroke="meta alt right" />
  </action>
  <action id="PreviousTab">
    <keyboard-shortcut first-keystroke="shift meta open_bracket" />
    <keyboard-shortcut first-keystroke="meta alt left" />
  </action>
  <action id="RunDashboard.CopyConfiguration" />
  <action id="SearchEverywhere">
    <keyboard-shortcut first-keystroke="meta t" />
  </action>
  <action id="SelectNextOccurrence">
    <keyboard-shortcut first-keystroke="ctrl g" />
    <keyboard-shortcut first-keystroke="meta d" />
  </action>
  <action id="SendEOF" />
  <action id="Vcs.UpdateProject" />
  <action id="XDebugger.CopyWatch" />
  <action id="openAssertEqualsDiff" />
</keymap>